{"tcp_color": [0.2980392156862745, 1.0, 0.19607843137254902, 0.9325744986534119], "city_color": [0.21176470588235294, 1.0, 0.09803921568627451, 1.0], "country_color": [1.0, 0.4980392156862745, 0.19607843137254902, 1.0], "udp_color": [0.6470588235294118, 1.0, 0.2980392156862745, 0.42906975746154785], "Data IN": [0.5490196078431373, 1.0, 0.09803921568627451, 1.0], "Data OUT": [0.19607843137254902, 0.6980392156862745, 1.0, 1.0], "Geographic Data": [1.0, 0.43529411764705883, 0.09803921568627451, 1.0], "other_color": [0.21176470588235294, 1.0, 0.09803921568627451, 0.8783725023269653], "auto_connect": true, "connect_to": "localhost", "local_port": 12550, "remote_ip": ["", ""], "main_settings_icon_pos": [-5.999999999999993, 0.9999999999999503], "graph_icon_pos": [67.99999999999999, 5.000000000000128], "table_icon_pos": [368.00000000000006, 4.999999999999851], "mercator_icon_pos": [232.0000000000001, -4.999999999999915], "banned_icon_pos": [123.99999999999999, 7.00000000000005], "summary_data_pos": [2220.0, 42.00000000000003]}