{
    "TCP Protocol Color": [
        0.5490196078431373,
        0.09803921568627451,
        1.0,
        0.006258761882781983
    ],
    "ICMP Protocol Color": [
        0.2980392156862745,
        0.7372549019607844,
        1.0,
        0.5563223958015442
    ],
    "Graph City Color": [
        0.21176470588235294,
        1.0,
        0.09803921568627451,
        1.0
    ],
    "Graph Country Color": [
        0.09803921568627451,
        0.6588235294117647,
        1.0,
        1.0
    ],
    "UDP Protocol Color": [
        0.09803921568627451,
        1.0,
        0.3215686274509804,
        0.005812501907348633
    ],
    "Data IN Color": [
        0.2980392156862745,
        1.0,
        0.19607843137254902,
        1.0
    ],
    "Data OUT Color": [
        0.09803921568627451,
        0.6588235294117647,
        1.0,
        1.0
    ],
    "Mercator City Color": [
        0.19607843137254902,
        0.6980392156862745,
        1.0,
        1.0
    ],
    "Summary Data Color": [
        1.0,
        0.43529411764705883,
        0.09803921568627451,
        1.0
    ],
    "OTHER Protocol Color": [
        0.21176470588235294,
        0.09803921568627451,
        1.0,
        0.971938955783844
    ],
    "main_settings_icon_pos": [
        264.0000000000001,
        9.00000000000004
    ],
    "graph_icon_pos": [
        18.00000000000003,
        6.9999999999999005
    ],
    "table_icon_pos": [
        104.0000000000002,
        5.000000000000064
    ],
    "mercator_icon_pos": [
        238.00000000000009,
        4.999999999999915
    ],
    "malicious_icon_pos": [
        183.9999999999999,
        6.999999999999325
    ],
    "summary_data_pos": [
        100.00000000000006,
        336.0000000000001
    ],
    "connection_label_pos": [
        2272.0,
        25.999999999999446
    ],
    "settings_panel_pos": [
        21.999999999999545,
        188.00000000000136
    ],
    "computer_menu_pos": [
        199.74717850662557,
        102.00000000000023
    ],
    "auto_connect": false,
    "last_connected_sniffer": [
        "localhost",
        12345
    ],
    "connect_to": "localhost",
    "local_port": 12550,
    "remote_ip": [
        "",
        10000
    ],
    "remote_connections": {
        "23.239.27.170": 10000
    },
    "first_time_starting": false,
    "initalize": true,
    "my_computer": {
        "graph_position": [
            561.7471785066261,
            774.0183771132957
        ],
        "mercator_position": [
            451.7471785066259,
            1286.0183771132947
        ],
        "my_label": true
    },
    "country_labels": true,
    "city_labels": false,
    "ip_labels": false
}